method,num_layers,episodes,objective_mean,objective_ci_low,objective_ci_high,objective_median,total_latency_ms_mean,total_latency_ms_ci_low,total_latency_ms_ci_high,total_latency_ms_median,communication_latency_ms_mean,communication_latency_ms_ci_low,communication_latency_ms_ci_high,communication_latency_ms_median,energy_mean,energy_ci_low,energy_ci_high,energy_median,device_switches_mean,device_switches_ci_low,device_switches_ci_high,device_switches_median,gap_vs_best_pct_mean,gap_vs_best_pct_ci_low,gap_vs_best_pct_ci_high,gap_vs_best_pct_median,decision_runtime_us_per_layer_mean,decision_runtime_us_per_layer_ci_low,decision_runtime_us_per_layer_ci_high,decision_runtime_us_per_layer_median,decision_runtime_s_mean,decision_runtime_s_ci_low,decision_runtime_s_ci_high,decision_runtime_s_median
random,5,300,1.0201579226055657,0.9788876249965811,1.0614282202145504,0.9469989822037981,4300.862590745166,4002.1296225812243,4599.595558909107,3709.4042568947584,1882.3504241504745,1673.2740544142164,2091.426793886733,1457.6213142245888,11.722558001091453,11.210733465298988,12.234382536883919,11.042562370499846,3.0433333333333334,2.944022583961594,3.142644082705073,3.0,158.823955396875,147.30997372067114,170.33793707307885,137.7425800023545,7.274589190880458,6.840995472291732,7.708182909469183,6.633379962295294,3.6372945954402256e-05,3.4204977361458685e-05,3.854091454734583e-05,3.316689981147647e-05
random,10,300,1.1807291352632374,1.1121583786334184,1.2492998918930565,1.0379424931175536,10410.925722484531,9104.562039552755,11717.289405416308,7961.655283804264,2323.5647147744708,2110.702204750521,2536.4272247984204,1683.5112870153382,27.765660739614262,26.562666873027204,28.96865460620132,25.82492878586445,6.776666666666666,6.630029516846213,6.9233038164871195,7.0,163.22987108283323,146.53014825835237,179.92959390731409,128.24613359149163,6.600193873358269,6.479854628554722,6.720533118161817,6.21653744019568,6.600193873358164e-05,6.479854628554675e-05,6.720533118161653e-05,6.21653744019568e-05
random,20,300,2.0546416659907707,1.8828725185455373,2.2264108134360043,1.3527317686344023,64105.442564997946,54563.87905440229,73647.0060755936,24081.61246133044,2642.8634419601894,2429.812794218428,2855.914089701951,2195.0763398608765,84.38043056659382,79.83218809450966,88.92867303867797,79.01737075401499,14.293333333333333,14.080195891515672,14.506470775150994,14.0,304.4593076942361,271.4706627354772,337.44795265299496,165.85136177777565,6.5685108420439065,6.450510526633338,6.686511157454475,6.061457679606974,0.00013137021684082734,0.00012901021053261604,0.00013373022314903864,0.0001212291535921
random,30,300,3.151314020084368,2.9449101487761093,3.357717891392627,2.9171658517372956,230797.08165546754,202849.40008534084,258744.76322559424,151190.14990614564,2701.7608481995426,2480.6666652125627,2922.8550311865224,2259.277034591667,191.4472138642245,177.90950028105004,204.98492744739895,157.06462515796358,21.67,21.39730854138536,21.942691458614643,22.0,481.6954343666016,444.4140879120199,518.9767808211833,449.21223732621445,5.858894308201141,5.848495281264828,5.8692933351374545,5.838843450571099,0.00017576682924598533,0.00017545485843789587,0.00017607880005407478,0.00017516530351709998
round_robin,5,300,1.0179562530020818,1.008772118968164,1.0271403870359996,1.014022637102422,5037.790066095822,4870.667339617158,5204.912792574486,4968.496954036946,1522.7776993903599,1441.844950757296,1603.7104480234239,1372.0504155442359,9.94641215622249,9.609853374416069,10.28297093802891,9.922236311994554,4.0,4.0,4.0,4.0,157.5900721654435,153.3136827407437,161.8664615901433,153.92477398705188,1.573539882277449,1.5249413667501188,1.622138397804779,1.4750054106116297,7.867699411387245e-06,7.624706833750595e-06,8.110691989023895e-06,7.3750270530581474e-06
round_robin,10,300,0.9916095938244219,0.9780708281273929,1.005148359521451,0.9741702717792403,8324.856362145647,7938.235325253199,8711.477399038095,7553.0437349694375,1796.7085871695688,1705.560554593549,1887.8566197455884,1642.4987090984941,25.75260872029911,24.78528925752905,26.71992818306917,25.646311270959835,9.0,9.0,9.0,9.0,119.80140067945138,115.8334479843761,123.76935337452666,117.3163679669214,1.49631608898441,1.4551292910026217,1.5375028869661984,1.399993197992444,1.49631608898441e-05,1.4551292910026215e-05,1.5375028869661982e-05,1.399993197992444e-05
round_robin,20,300,2.151492583948139,2.0297588755496894,2.2732262923465885,1.682642656330192,73128.59662782022,64907.22636663471,81349.96688900574,39909.15138014895,2159.7907181014903,2061.431820578645,2258.1496156243356,1963.577595294055,84.35438060095794,79.89765608708697,88.8111051148289,76.6774076562814,19.0,19.0,19.0,19.0,323.90555691026105,300.74215695216054,347.06895686836157,246.25088954272593,1.4439999940805137,1.4120287403010294,1.475971247859998,1.3480079360306263,2.8879999881610274e-05,2.824057480602059e-05,2.951942495719996e-05,2.696015872061253e-05
round_robin,30,300,3.183253452182556,3.014571527927103,3.351935376438009,3.1274767629302334,240078.24680548042,213071.22053681433,267085.2730741465,166593.47570460415,2427.6900432923817,2328.7789183759023,2526.601168208861,2231.2778816235573,188.96911265490556,175.90556385537096,202.03266145444016,156.7619100229909,29.0,29.0,29.0,29.0,486.86753041583637,457.14275392774925,516.5923069039235,467.1565128990085,1.3529813020593588,1.3440051355280196,1.361957468590698,1.3395814069857201,4.058943906178077e-05,4.032015406584059e-05,4.0858724057720946e-05,4.01874422095716e-05
greedy_fastest_device,5,300,0.7498995301790838,0.7367682208717872,0.7630308394863805,0.7355801711515125,1132.8399721755122,1075.3890742978922,1190.2908700531323,1044.702000075938,904.7625706960183,848.211500450033,961.3136409420036,814.7040052809448,19.911748427865252,19.199401619600135,20.62409523613037,19.48379428184327,0.0,0.0,0.0,0.0,90.08193583544268,85.5686239395518,94.59524773133356,86.2411371534391,3.7994409600893655,3.33099027190219,4.267891648276541,3.19179380312562,1.8997204800446578e-05,1.665495135951109e-05,2.1339458241382065e-05,1.59589690156281e-05
greedy_fastest_device,10,300,0.6960828458392495,0.6853126910626104,0.7068530006158886,0.6787785379033489,1440.720891312902,1375.9659922472229,1505.4757903785812,1292.0674736167564,894.2881989523412,831.628269730881,956.9481281738014,744.8442061948892,46.826172524488584,44.99311125691156,48.659233792065606,45.885681797979586,0.006666666666666667,-0.0064528644604377955,0.01978619779377113,0.0,54.53825849055298,51.42160756041992,57.65490942068603,53.32476926096311,3.2245689847817025,3.1496392104823814,3.2994987590810236,2.9918563086539507,3.224568984781702e-05,3.149639210482381e-05,3.2994987590810234e-05,2.9918563086539507e-05
greedy_fastest_device,20,300,0.6642991375963838,0.6558953054780755,0.6727029697146921,0.6596466362646536,2695.2918800492066,2578.2741681348043,2812.309591963609,2525.119272861456,909.6444651378686,851.5911772596521,967.697753016085,816.6714170444153,139.3436424368172,131.85427480708157,146.83301006655282,126.72178337035669,0.15666666666666668,0.04639652067056507,0.26693681266276825,0.0,32.466963961326364,30.16298685672522,34.77094106592751,28.680468621879395,3.680722904391587,3.136293900770878,4.225151908012295,3.0114955734461546,7.361445808782831e-05,6.272587801541463e-05,8.450303816024199e-05,6.022991146892309e-05
greedy_fastest_device,30,300,0.659591440139158,0.6521541520825778,0.6670287281957383,0.6555885913932376,6153.018928480978,5575.626722964936,6730.4111339970195,4469.05501302735,982.6145687646601,920.0790841670334,1045.1500533622868,868.3930571766249,301.333579259126,281.03191123796023,321.63524728029176,254.0910912561232,1.4333333333333333,1.067746583292461,1.7989200833742056,0.0,23.326662699353555,21.539296331376,25.11402906733111,19.73543664183577,2.8929491268677845,2.881287810906215,2.904610442829354,2.869360226516922,8.67884738060323e-05,8.643863432718605e-05,8.713831328487855e-05,8.608080679550767e-05
greedy_communication_aware,5,300,0.4884620047357659,0.4822793954071666,0.4946446140643652,0.48826578240512686,639.653576459099,618.3384897810357,660.9686631371623,627.8165077990519,121.23131782815317,114.00189000376068,128.46074565254565,110.49201383978956,15.400830076317659,14.828868107085777,15.972792045549541,14.93898035296141,0.13,0.08953264929601872,0.17046735070398128,0.0,23.108525368732497,21.132438989509804,25.08461174795519,20.95517557831313,4.239997671296199,3.903869628702136,4.576125713890262,3.63748986274004,2.1199988356480793e-05,1.9519348143510637e-05,2.288062856945095e-05,1.81874493137002e-05
greedy_communication_aware,10,300,0.5301845974469815,0.5255613567041368,0.5348078381898262,0.5346109549535486,1127.8614434747867,1096.633405863441,1159.0894810861323,1122.1399981713507,174.96225482916228,168.0274503204268,181.89705933789776,171.31593418641708,40.11161093805187,38.4755890372958,41.74763283880794,39.42706210408342,0.98,0.9374777057623995,1.0225222942376004,1.0,17.179078759662957,15.790598875820994,18.56755864350492,14.348313801900137,3.687461605295539,3.5783004335301793,3.7966227770608985,3.383419243618846,3.687461605295492e-05,3.578300433530171e-05,3.796622777060813e-05,3.383419243618846e-05
greedy_communication_aware,20,300,0.5624286152878026,0.5580271650577349,0.5668300655178704,0.5616466511896723,2330.177689240377,2224.8939050209133,2435.4614734598404,2112.357143964756,184.93814701900166,178.4995333489494,191.37676068905392,176.88202290959737,132.5617812433987,125.16314882557081,139.96041366122662,118.80469197103152,1.05,1.015076112715825,1.084923887284175,1.0,11.763696373447365,10.643611629916524,12.883781116978206,9.366699807517298,3.5496464115567505,3.468064432533875,3.631228390579626,3.3019838156178594,7.099292823113332e-05,6.936128865067684e-05,7.26245678115898e-05,6.603967631235719e-05
greedy_communication_aware,30,300,0.578628517068167,0.5736375184184902,0.5836195157178438,0.5759068968593384,5616.294820525512,5055.786509492022,6176.8031315590015,3905.606379767109,209.02473003429301,199.09293126768472,218.9565288009013,195.08244503537532,295.9948372200057,275.4983683974863,316.49130604252514,247.4720565018685,1.5966666666666667,1.4346217657511253,1.758711567582208,1.0,7.9226500413939265,6.970025345274466,8.875274737513388,5.372886938356485,3.2940753994302616,3.275984175700278,3.312166623160245,3.258288294697801,9.882226198290082e-05,9.827952527100268e-05,9.936499869479897e-05,9.774864884093404e-05
greedy_objective_aware,5,300,0.4029675681301681,0.39656012724268835,0.40937500901764784,0.39990374979299914,1464.1727502089843,1404.511655978798,1523.8338444391707,1430.0671454358865,83.19485705407396,78.25254516281129,88.13716894533664,75.97568637131144,8.37236911880295,7.995634780851611,8.74910345675429,7.760870201570419,0.09333333333333334,0.060226610563319266,0.1264400561033474,0.0,0.25485259466912485,0.04849454632660519,0.4612106430116445,0.0,3.585560635353128,3.40777156060572,3.763349710100536,3.216590266674757,1.7927803176765642e-05,1.7038857803028603e-05,1.881674855050268e-05,1.6082951333373785e-05
greedy_objective_aware,10,300,0.45825365178925476,0.45249273937562146,0.46401456420288806,0.4573498653273044,2728.2247047905903,2628.1700873948603,2828.2793221863203,2664.638441279791,87.00877462768716,82.479474937919,91.53807431745533,81.35062260045056,24.60432502459777,23.356387579641787,25.852262469553754,22.220746566883466,0.6633333333333333,0.5972994448456243,0.7293672218210424,1.0,0.4571212944636022,0.24266361480980783,0.6715789741173966,0.0,3.2036150029549995,3.1309589670742515,3.2762710388357474,3.0022463761270046,3.2036150029549754e-05,3.1309589670742574e-05,3.2762710388356933e-05,3.0022463761270046e-05
greedy_objective_aware,20,300,0.5096545765270425,0.5047467191153877,0.5145624339386973,0.510506795887562,5560.108140112469,5278.110889789984,5842.105390434955,5109.559363188214,98.14188410012697,93.21907099372291,103.06469720653104,93.98763118528916,95.70973636699823,90.1713052345844,101.24816749941206,86.7775142726995,1.7,1.583011551093921,1.8169884489060788,1.0,0.7923052383187221,0.6024873232841187,0.9821231533533256,0.039410569110359756,3.1792906229384243,3.1092906309980437,3.249290614878805,2.93946941383183,6.35858124587673e-05,6.218581261996042e-05,6.498581229757419e-05,5.87893882766366e-05
greedy_objective_aware,30,300,0.5458786124500102,0.5403139920698028,0.5514432328302177,0.546590758795595,10783.877869584194,10095.465935575334,11472.289803593054,9873.736113246583,115.67357987609415,109.90702766852571,121.44013208366259,106.69720494102808,241.9083253794759,222.53886685969366,261.27778389925817,193.99730147959778,3.2933333333333334,3.0757850756464875,3.5108815910201794,3.0,1.4339921034458811,1.1659177387155337,1.7020664681762285,0.1799031284959251,2.956438007661038,2.931502654869248,2.9813733604528276,2.8874550480395555,8.869314022982836e-05,8.79450796460757e-05,8.944120081358101e-05,8.662365144118667e-05
supervised_rf,5,300,0.40358863656258753,0.39706709778914845,0.4101101753360266,0.4003442343634621,1487.713835722156,1427.3596097968484,1548.0680616474638,1450.1548748000032,81.21684666643064,76.56077771403258,85.8729156188287,75.02862107053423,8.242529149467973,7.8821993918999445,8.602858907036001,7.744017628861802,0.013333333333333334,0.00027978517839708124,0.026386881488269585,0.0,0.3798474692098692,0.18796657059260133,0.5717283678271371,0.0,7036.038937047124,6631.952033568447,7440.1258405258,6266.579113435,0.035180194685235575,0.033159760167842195,0.037200629202628954,0.031332895567174945
supervised_rf,10,300,0.4612199951319182,0.4553501832322059,0.4670898070316305,0.4604879313757076,2968.7053646022714,2858.475471839613,3078.93525736493,2991.0374011193526,83.0853142744194,78.51555405744014,87.65507449139866,75.89098196548188,23.33871593485452,22.161735609671098,24.51569626003794,21.663178232688985,0.4766666666666667,0.41832518177335043,0.5350081515599829,0.0,1.0894406377607304,0.8839431822516258,1.2949380932698349,0.2458939831423987,6268.194872420281,6057.794851654987,6478.5948931855755,6015.131284948438,0.06268194872420277,0.06057794851654982,0.06478594893185571,0.06015131284948435
supervised_rf,20,300,0.5194045998433447,0.51316807605799,0.5256411236286995,0.5150017211456346,6279.858252337673,5887.708473324109,6672.008031351236,5508.3058852596405,86.97084118484253,82.69320800805362,91.24847436163144,80.55578566189544,93.98790962351137,88.57309760835408,99.40272163866867,84.94556092053904,0.9133333333333333,0.8651619498790112,0.9615047167876555,1.0,2.6388022289165383,2.092609611825094,3.1849948460079824,0.7213177690946704,6117.4742981093,5983.186845224458,6251.761750994143,5733.357323333621,0.12234948596218596,0.11966373690448912,0.1250352350198828,0.11466714646667235
supervised_rf,30,300,0.6670698322402192,0.6375368192451812,0.6966028452352572,0.5592429687963753,26440.087498110843,22062.02717629505,30818.147819926635,11172.585405094647,94.10902717592205,89.13059808597609,99.08745626586801,85.14046887325017,227.37267998480237,210.02020626167558,244.72515370792917,186.795735389606,1.1766666666666667,1.101853630616305,1.2514797027170286,1.0,22.277611827424515,17.803884632019784,26.751339022829246,2.9009128131566655,5986.673555026452,5878.079270221702,6095.267839831202,5811.99376611039,0.17960020665079354,0.17634237810665104,0.18285803519493604,0.17435981298331166
tabular_q_pooled,5,300,0.40716249150796907,0.39984888969359783,0.4144760933223403,0.39951863958815403,1611.0940507263008,1548.1382728755557,1674.049828577046,1534.3907749713153,81.41495654147933,76.52250278545905,86.3074102974996,73.96649106377345,7.7678754105624135,7.49694828203004,8.038802539094787,7.615125358421372,0.0,0.0,0.0,0.0,1.1257264137129164,0.6787260955062555,1.5727267319195772,0.0,18.793530218924086,18.09569454213304,19.491365895715134,16.545795369893312,9.396765109461312e-05,9.047847271065931e-05,9.745682947856694e-05,8.272897684946656e-05
tabular_q_pooled,10,300,0.48008132147495475,0.4752138160795568,0.4849488268703527,0.47788427141452566,2309.924618559963,2227.836669562011,2392.012567557915,2271.0476448867985,95.86235368186561,91.22150872880977,100.50319863492146,87.35272382094365,28.744020419650564,27.64004670716162,29.847994132139508,28.03190087349386,1.0,1.0,1.0,1.0,5.662646969713072,4.916068306253272,6.4092256331728725,3.353547605052956,16.67100885727753,16.38234650339192,16.959671211163144,15.581375919282436,0.00016671008857272563,0.00016382346503386933,0.00016959671211158194,0.00015581375919275
tabular_q_pooled,20,300,0.8775908548298368,0.8069807340199373,0.9482009756397363,0.690265789659806,21716.15039061009,17693.230516933552,25739.07026428663,10900.007351996672,334.619253498619,322.78770364423286,346.45080335300514,329.3100701162598,87.81648060007058,83.0854701421131,92.54749105802806,80.43794676568038,8.6,8.451321444749624,8.748678555250375,9.0,73.54151700874422,59.549562533949135,87.5334714835393,36.66934492643206,15.041743637993932,14.848735157511703,15.23475211847616,14.77804617024958,0.00030083487275982766,0.00029697470315018275,0.0003046950423694726,0.00029556092340495
tabular_q_pooled,30,300,2.2791053212916768,2.0818643916471586,2.476346250936195,1.7013374922440874,181226.45006903788,155822.1234894385,206630.77664863726,87684.28467751798,534.9804786102397,517.6335088408055,552.327448379674,540.1498129813035,192.12399973928015,178.2883154046227,205.9596840739376,158.50031287243243,15.883333333333333,15.667105861405163,16.099560805261504,16.0,317.8678291167592,282.5334065991028,353.2022516344156,213.16205278729927,15.58942505572405,15.420665806194572,15.758184305253527,15.043067590643961,0.0004676827516716707,0.00046261997418578656,0.0004727455291575548,0.00045129202771925
dqn,5,300,0.40277553618992373,0.39635246724280637,0.4091986051370411,0.39951863958815403,1423.9209971124699,1365.3807339807177,1482.461260244222,1353.145391456248,84.43950496804915,79.63610701158441,89.24290292451388,77.61641521067679,8.551766251292618,8.159219060971406,8.94431344161383,8.034759132732113,0.10666666666666667,0.07153529468212216,0.14179803865121118,0.0,0.19074226937145597,0.10797493359519701,0.27350960514771494,0.0,42.70521396150192,32.87748973459519,52.53293818840865,34.22099398449063,0.000213526069807458,0.00016438744867292417,0.00026266469094199184,0.00017110496992239998
dqn,10,300,0.4564268806278253,0.4508327767480734,0.4620209845075772,0.4568973674782698,2562.4382844902866,2457.251229547624,2667.625339432949,2555.382682064602,90.92008933902021,85.87062751087953,95.96955116716089,83.54196293291415,25.453811468153418,24.13974973905223,26.767873197254605,23.262743480066106,0.6433333333333333,0.5631713748196595,0.7234952918470071,1.0,0.07143800341792807,0.043598531427764965,0.09927747540809118,0.0,36.19482717476785,34.88945105144037,37.500203298095336,33.254100708290935,0.0003619482717476287,0.000348894510514354,0.0003750020329809034,0.00033254100708285
dqn,20,300,0.5077407436818127,0.5030606544884403,0.512420832875185,0.5105199506056171,5283.977958544876,5002.405858723755,5565.550058365997,4900.929961690709,105.50640036970613,100.54581576071828,110.46698497869397,101.47453507741126,97.27900079750667,91.62470228547026,102.93329930954307,89.61663341958302,1.82,1.6991486481650278,1.9408513518349724,2.0,0.43162008194882373,0.3400365430873751,0.5232036208102724,0.0597869740652216,34.112975505801536,33.671001471984226,34.554949539618846,32.71667810622603,0.0006822595101159827,0.0006734200294396367,0.0006910989907923287,0.0006543335621244999
dqn,30,300,0.5419327926098257,0.5366584822935108,0.5472071029261407,0.5434824551017687,10048.73335183795,9382.063412147061,10715.403291528837,8789.605584504458,125.69905306354994,119.62818445080626,131.76992167629362,117.13758146785206,245.0691174537722,225.52100223206708,264.61723267547734,194.32055104608605,2.74,2.5610493226364013,2.918950677363599,2.0,0.7224747501102439,0.5746032614256247,0.8703462387948631,0.1388841337704702,33.708742392870285,32.832074653634606,34.58541013210596,32.57014517051478,0.001011262271786058,0.0009849622396089874,0.0010375623039631287,0.0009771043551153999
dqn_mixed,5,300,0.40270933675056236,0.3962824199171515,0.4091362535839732,0.3994547397793337,1475.2962778137232,1419.700401383642,1530.8921542438045,1436.2373511251935,83.68179180142863,78.83214468671196,88.5314389161453,76.4083212333168,8.30593523434479,7.935341613878021,8.676528854811561,7.760870201570419,0.07,0.04096214893349954,0.09903785106650048,0.0,0.17351356752634603,0.09177278843117512,0.2552543466215169,0.0,36.63049560661117,35.68671934304917,37.57427187017317,33.67087338119745,0.00018315247803300634,0.00017843359671519627,0.0001878713593508164,0.00016835436690595
dqn_mixed,10,300,0.458861633989664,0.45314919484689065,0.46457407313243737,0.4590421670604744,2662.3607034001902,2562.0775954705014,2762.643811329879,2598.404409776269,97.53512377609462,92.25101970068668,102.81922785150256,89.98204813193149,25.04731853579162,23.770368379131867,26.324268692451376,22.85193573288199,0.9133333333333333,0.8086654299769547,1.018001236689712,1.0,0.5910574577602586,0.468032858027011,0.7140820574935063,0.01925313560108645,34.88011262379587,34.41296441585575,35.34726083173599,33.13331981189549,0.0003488011262379073,0.00034412964415850603,0.0003534726083173086,0.00033133319811890004
dqn_mixed,20,300,0.5109008616568318,0.5062204103619063,0.5155813129517572,0.5140649141090721,4867.5146667392455,4614.570055677923,5120.459277800568,4352.840379968675,136.28876635802598,129.79339004972374,142.78414266632822,129.1930672424051,100.59741610144256,94.58923626114482,106.6055959417403,91.7995665672413,2.6266666666666665,2.446457795101193,2.80687553823214,2.0,1.0684820230062013,0.9092341611529355,1.227729884859467,0.5749262963839687,34.22470062893505,32.999627217872984,35.44977403999711,32.06045657861978,0.0006844940125786536,0.0006599925443574121,0.0007089954807998951,0.00064120913157235
dqn_mixed,30,300,0.5506993404006877,0.5442935240779307,0.5571051567234446,0.5479682361505345,10088.159429471465,9013.133172096184,11163.185686846746,7367.835102726989,203.8114206215411,193.37274535445192,214.25009588863026,192.85494603983437,248.26851500681718,229.8390426859889,266.6979873276455,205.9295469636945,5.08,4.724811085693372,5.435188914306628,4.0,2.256696575386396,1.9056703026916444,2.607722848081148,1.3520362635426681,32.8479538568192,32.68974693658467,33.006160777053736,32.333368047450975,0.0009854386157045233,0.000980692408097487,0.0009901848233115596,0.0009700010414235
dp_relaxed,5,300,0.40250338515785916,0.39605967225442634,0.408947098061292,0.3994547397793337,1486.842228594347,1423.7532580774066,1549.9311991112875,1433.2620435926729,82.67424878883654,77.7888572953776,87.55964028229548,74.82189821588588,8.231992439729995,7.869090231309552,8.594894648150436,7.74682709293118,0.006666666666666667,-0.0025947165401709717,0.015928049873504307,0.0,0.11913066476132048,0.04862608777014528,0.1896352417524957,0.0,37.83370034458736,36.763706838853004,38.90369385032172,35.02510953694582,0.00018916850172288966,0.00018381853419421795,0.00019451846925156138,0.0001751255476847
dp_relaxed,10,300,0.4726338011256317,0.4649231200500866,0.48034448220117676,0.4658305877749756,3572.9295759588726,3352.254653669264,3793.6044982484814,3329.360331292777,82.07241448600098,77.1769361878447,86.96789278415726,72.68135719053558,20.882859248674162,19.832221272523697,21.933497224824627,19.207125561172674,0.05,0.021929846587845046,0.07807015341215495,0.0,3.3594252690677813,2.684021437305165,4.034829100830398,0.1057204950280694,35.180572303943336,33.93894346846766,36.42220113941901,33.074995735660195,0.00035180572303938564,0.000339389434684629,0.0003642220113941423,0.00033074995735655
dp_relaxed,20,300,1.0020559397479618,0.9114827686997102,1.0926291107962134,0.5855437990582213,33708.180670379414,27730.934156829484,39685.42718392934,9173.681897025386,88.1830245707258,83.49026412580237,92.87578501564924,80.61338528218053,71.48094719404537,66.97629604953521,75.98559833855553,62.08716601446524,0.19,0.1365504664973929,0.2434495335026071,0.0,94.22020424148558,77.77950852920185,110.6608999537693,15.796674910972055,32.3333382839337,32.18200718101113,32.48466938685627,31.830201623961326,0.0006466667656786229,0.0006436401436201721,0.0006496933877370737,0.00063660403247915
dp_relaxed,30,300,1.6588802118062282,1.5132382621110088,1.8045221615014477,1.0710078956134659,126660.15301164809,106312.59272414906,147007.71329914712,46971.03712491706,93.3741032545581,87.96130247656222,98.78690403255396,83.74909771515436,168.91192064949365,155.73030807627157,182.09353322271573,138.43158868276328,0.25666666666666665,0.19600328999301952,0.3173300433403138,0.0,201.63513846727463,176.35484122716304,226.91543570738622,85.3427583641039,31.66075054711352,31.587870129360976,31.733630964866062,31.51943286259969,0.0009498225164133558,0.0009476361038807795,0.0009520089289459321,0.0009455829858779
exhaustive,5,300,0.40192532479455484,0.3955925551385641,0.40825809445054556,0.3994547397793337,1423.4633347237586,1364.931373551069,1481.9952958964482,1382.064460374113,84.09484360335253,79.19720956179816,88.9924776449069,75.97568637131144,8.538321622594959,8.129586448241133,8.947056796948784,7.94666123327554,0.04666666666666667,0.0226617745306513,0.07067155880268204,0.0,0.0,0.0,0.0,0.0,9570.685942734903,9342.983810072019,9798.388075397786,9157.758299261332,0.04785342971367446,0.04671491905036005,0.048991940376988875,0.0457887914963066
