method,regime,episodes,objective_mean,objective_ci_low,objective_ci_high,objective_median,total_latency_ms_mean,total_latency_ms_ci_low,total_latency_ms_ci_high,total_latency_ms_median,communication_latency_ms_mean,communication_latency_ms_ci_low,communication_latency_ms_ci_high,communication_latency_ms_median,energy_mean,energy_ci_low,energy_ci_high,energy_median,device_switches_mean,device_switches_ci_low,device_switches_ci_high,device_switches_median,gap_vs_best_pct_mean,gap_vs_best_pct_ci_low,gap_vs_best_pct_ci_high,gap_vs_best_pct_median
random,congested,300,2.026949274862231,1.909866713579817,2.1440318361446447,1.7558709563466768,15677.787662151772,14211.382437440696,17144.192886862846,12246.95347161813,7590.426654441712,6872.447277415764,8308.40603146766,5655.8556878249765,27.765660739614262,26.562666873027204,28.96865460620132,25.82492878586445,6.776666666666666,6.630029516846213,6.9233038164871195,7.0,323.0205076534566,296.3445807261479,349.6964345807653,267.3350046190542
random,dynamic,300,1.4240267520540493,1.330234687564599,1.5178188165434996,1.195312577405931,11926.99495445351,10540.01979098496,13313.970117922061,8744.156598978949,3839.633946743451,3367.669496149168,4311.598397337734,2576.456157804986,27.765660739614262,26.562666873027204,28.96865460620132,25.82492878586445,6.776666666666666,6.630029516846213,6.9233038164871195,7.0,212.0791689236311,190.2695145071294,233.8888233401328,156.83844915835982
random,normal,300,1.1807291352632374,1.1121583786334184,1.2492998918930565,1.0379424931175536,10410.925722484531,9104.562039552755,11717.289405416308,7961.655283804264,2323.5647147744708,2110.702204750521,2536.4272247984204,1683.5112870153382,27.765660739614262,26.562666873027204,28.96865460620132,25.82492878586445,6.776666666666666,6.630029516846213,6.9233038164871195,7.0,163.24768227708802,146.54409071674286,179.95127383743318,128.24613359149163
round_robin,congested,300,1.6277786682659765,1.59719388634636,1.658363450185593,1.5944374894758941,12363.66003481304,11866.139393755646,12861.180675870433,11663.923391399567,5835.512259836962,5520.279526964241,6150.744992709682,5289.604019359728,25.75260872029911,24.78528925752905,26.71992818306917,25.646311270959835,9.0,9.0,9.0,9.0,238.56009424267947,229.73550840653104,247.3846800788279,224.77124840293766
round_robin,dynamic,300,1.216328561847915,1.1774977795237318,1.255159344172098,1.0901337782125604,9788.225015313561,9289.99472827989,10286.455302347233,8573.743507374711,3260.0772403374795,2957.154653214988,3562.999827459971,2190.6626950789514,25.75260872029911,24.78528925752905,26.71992818306917,25.646311270959835,9.0,9.0,9.0,9.0,165.6732050828964,156.37122747007635,174.97518269571646,141.6643140939899
round_robin,normal,300,0.9916095938244219,0.9780708281273929,1.005148359521451,0.9741702717792403,8324.856362145647,7938.235325253199,8711.477399038095,7553.0437349694375,1796.7085871695688,1705.560554593549,1887.8566197455884,1642.4987090984941,25.75260872029911,24.78528925752905,26.71992818306917,25.646311270959835,9.0,9.0,9.0,9.0,119.81202778357887,115.84393773391044,123.7801178332473,117.3163679669214
greedy_fastest_device,congested,300,1.0246356661765825,0.9905966031628209,1.0586747291903442,0.9564549549820409,3425.6726057531437,3208.735517004148,3642.6096945021395,2899.953832667309,2879.2399133925833,2661.524155893323,3096.9556708918435,2339.735695610084,46.826172524488584,44.99311125691156,48.659233792065606,45.885681797979586,0.006666666666666667,-0.0064528644604377955,0.01978619779377113,0.0,110.75401089622028,104.02907890307125,117.4789428893693,99.5612128709632
greedy_fastest_device,dynamic,300,0.7711243472366877,0.7444143183680376,0.7978343761053377,0.7074972358127732,1887.2827185611488,1733.622002808734,2040.9434343135638,1441.7472103501184,1340.850026200588,1187.1168860777123,1494.5831663234637,912.1295783447455,46.826172524488584,44.99311125691156,48.659233792065606,45.885681797979586,0.006666666666666667,-0.0064528644604377955,0.01978619779377113,0.0,67.50687932742217,62.06190120064045,72.95185745420389,58.549536074168515
greedy_fastest_device,normal,300,0.6960828458392495,0.6853126910626104,0.7068530006158886,0.6787785379033489,1440.720891312902,1375.9659922472229,1505.4757903785812,1292.0674736167564,894.2881989523412,831.628269730881,956.9481281738014,744.8442061948892,46.826172524488584,44.99311125691156,48.659233792065606,45.885681797979586,0.006666666666666667,-0.0064528644604377955,0.01978619779377113,0.0,54.54580425244287,51.42917891759859,57.66242958728715,53.39765610308758
greedy_communication_aware,congested,300,0.5398252633774493,0.5329538704915692,0.5466966562633294,0.5382840513553588,1685.9798067586985,1629.5378922886612,1742.4217212287358,1622.8380675338449,361.0461152782651,343.12169146903614,378.9705390874941,325.8785778652358,35.70208020297732,34.1774209300926,37.22673947586204,34.48939476892551,0.5966666666666667,0.5289541751171436,0.6643791582161898,1.0,10.86835131843313,9.722746470973522,12.013956165892736,8.655699226169624
greedy_communication_aware,dynamic,300,0.5266852241709172,0.5211704632604692,0.5321999850813652,0.529628753193865,1280.8955313555755,1236.047099029394,1325.743963681757,1221.9438372374063,209.25300999502477,195.24467037053918,223.26134961951036,180.06991234281085,38.49890233950946,36.89004628111448,40.10775839790445,37.465219337090204,0.7566666666666667,0.6960032899930196,0.8173300433403138,1.0,14.47617521449444,13.106143744333568,15.84620668465531,12.116508771159774
greedy_communication_aware,normal,300,0.5301845974469815,0.5255613567041368,0.5348078381898262,0.5346109549535486,1127.8614434747867,1096.633405863441,1159.0894810861323,1122.1399981713507,174.96225482916228,168.0274503204268,181.89705933789776,171.31593418641708,40.11161093805187,38.4755890372958,41.74763283880794,39.42706210408342,0.98,0.9374777057623995,1.0225222942376004,1.0,17.184626093035615,15.796378860562259,18.57287332550897,14.348313801900137
greedy_objective_aware,congested,300,0.5405481132474868,0.5276782889944023,0.5534179375005712,0.5125059587962445,3936.0069786591625,3758.7939233470565,4113.220033971269,3651.1187997344414,255.59305953919062,238.47860916111617,272.70750991726504,215.9474477192585,22.531881901071177,21.377155053371897,23.686608748770457,21.537382552588642,0.91,0.8372546153091671,0.982745384690833,1.0,10.046406744007381,8.232495200373211,11.860318287641551,0.3884310829138677
greedy_objective_aware,dynamic,300,0.47464845106068165,0.4663087370873064,0.4829881650340569,0.46501505670217114,2996.6918590217306,2874.9199863853974,3118.463731658064,2885.0538908254894,124.38828520179935,112.76861193575861,136.00795846784007,99.33010578512254,23.950081485957494,22.73942366694256,25.160739304972427,22.220746566883466,0.6833333333333333,0.6173256029248156,0.749341063741851,1.0,2.218265461526113,1.3143753302616585,3.1221555927905675,0.0
greedy_objective_aware,normal,300,0.45825365178925476,0.45249273937562146,0.46401456420288806,0.4573498653273044,2728.2247047905903,2628.1700873948603,2828.2793221863203,2664.638441279791,87.00877462768716,82.479474937919,91.53807431745533,81.35062260045056,24.60432502459777,23.356387579641787,25.852262469553754,22.220746566883466,0.6633333333333333,0.5972994448456243,0.7293672218210424,1.0,0.46204823424715225,0.24766986449441186,0.6764266039998926,0.0
supervised_rf,congested,300,0.5009398894204738,0.4931754855102016,0.5087042933307461,0.4936850619331582,3344.385383523532,3237.2415707282166,3451.529196318847,3384.3849738083545,279.6947347997443,259.6705484909536,299.718921108535,232.03695597540826,22.73275048438913,21.607467505881942,23.858033462896316,21.78462203008122,0.5366666666666666,0.4784140530413012,0.5949192802920321,1.0,2.3047226722245044,1.708977000700824,2.9004683437481846,0.22632453234028826
supervised_rf,dynamic,300,0.4712798637757561,0.46457473597710763,0.47798499157440455,0.4677427995703341,3091.63311839643,2978.0767321794337,3205.189504613426,3081.1016463774686,128.98127705962222,114.85404555506025,143.10850856418418,93.74293476543811,23.031876820349275,21.896416854743222,24.167336785955328,21.28084565738542,0.4866666666666667,0.4275496054580508,0.5457837278752826,0.0,1.6283688478500558,1.1564564649928957,2.100281230707216,0.27078508995495404
supervised_rf,normal,300,0.4612199951319182,0.4553501832322059,0.4670898070316305,0.4604879313757076,2968.7053646022714,2858.475471839613,3078.93525736493,2991.0374011193526,83.0853142744194,78.51555405744014,87.65507449139866,75.89098196548188,23.33871593485452,22.161735609671098,24.51569626003794,21.663178232688985,0.4766666666666667,0.41832518177335043,0.5350081515599829,0.0,1.094462459763073,0.8886288206919177,1.3002960988342283,0.2505475801590821
tabular_q_pooled,congested,300,0.5163449868724895,0.510360490946303,0.5223294827986761,0.5105505254521574,2522.6832452713156,2439.027382932078,2606.339107610553,2443.5848068208106,308.6209803932183,292.1757189484817,325.0662418379549,277.0261435122493,28.744020419650564,27.64004670716162,29.847994132139508,28.03190087349386,1.0,1.0,1.0,1.0,5.967844833756152,5.2055800553949565,6.730109612117347,3.7016225460919
tabular_q_pooled,dynamic,300,0.48898719249603195,0.4837531455704407,0.4942212394216232,0.48476958229416567,2363.1215985832446,2280.8244744160193,2445.41872275047,2308.7643708194764,149.05933370514705,136.03498199389776,162.08368541639635,111.39817264123425,28.744020419650564,27.64004670716162,29.847994132139508,28.03190087349386,1.0,1.0,1.0,1.0,5.942550163174223,5.171992642619889,6.713107683728557,3.578584358373202
tabular_q_pooled,normal,300,0.48008132147495475,0.4752138160795568,0.4849488268703527,0.47788427141452566,2309.924618559963,2227.836669562011,2392.012567557915,2271.0476448867985,95.86235368186561,91.22150872880977,100.50319863492146,87.35272382094365,28.744020419650564,27.64004670716162,29.847994132139508,28.03190087349386,1.0,1.0,1.0,1.0,5.66761599655697,4.921433964622172,6.413798028491768,3.353547605052956
dqn,congested,300,0.4937366392365556,0.4867317437739655,0.5007415346991456,0.488427488678262,3311.55624622031,3189.0772522613593,3434.035240179261,3287.8442347811942,257.7061895249536,242.97662495289944,272.4357540970077,227.45548919695585,22.57428082076827,21.44540377081944,23.7031578707171,21.226612257861056,0.5333333333333333,0.4700812080602843,0.5965854586063823,1.0,0.8705972172430176,0.7000241532840229,1.0411702812020125,0.024653695556891897
dqn,dynamic,300,0.4649327580640369,0.45880978064530414,0.47105573548276963,0.46391911449455203,2790.03677401301,2672.184267575214,2907.889280450806,2683.118114182147,126.48913420313343,115.68242113924903,137.29584726701782,99.5171047732059,24.492136903399867,23.223376135878524,25.76089767092121,22.0494700886436,0.6166666666666667,0.5397816858230416,0.6935516475102917,1.0,0.29774103383281,0.20961450103384638,0.3858675666317736,0.0
dqn,normal,300,0.4564268806278253,0.4508327767480734,0.4620209845075772,0.4568973674782698,2562.4382844902866,2457.251229547624,2667.625339432949,2555.382682064602,90.92008933902021,85.87062751087953,95.96955116716089,83.54196293291415,25.453811468153418,24.13974973905223,26.767873197254605,23.262743480066106,0.6433333333333333,0.5631713748196595,0.7234952918470071,1.0,0.07633854056353769,0.04948710915200304,0.10318997197507232,0.0
dqn_dynamic,congested,300,0.4897654817176192,0.4830514447778076,0.4964795186574308,0.4864801066519533,2913.348090933942,2799.741810505514,3026.95437136237,2891.743265027662,269.5509570437661,254.37843037505888,284.72348371247335,241.52112158453926,24.597507894091557,23.314941543777675,25.88007424440544,22.574919005959252,0.5133333333333333,0.4513638050286261,0.5753028616380406,0.0,0.09919909124220576,0.06633248842229916,0.13206569406211235,0.0
dqn_dynamic,dynamic,300,0.4640690271784852,0.458048093216411,0.4700899611405594,0.4618550709159812,2681.338321398863,2569.5745366564656,2793.1021061412607,2630.956317055027,131.34530629561038,119.87660040927194,142.8140121819488,103.26106170978692,25.06099023660193,23.738003954408462,26.3839765187954,22.435345195477993,0.63,0.5463863831983601,0.7136136168016399,0.5,0.12668643824870526,0.09534109605024407,0.15803178044716645,0.0
dqn_dynamic,normal,300,0.4566710111560472,0.4510520511089908,0.46228997120310356,0.45741149670915265,2579.955090454111,2470.560648247571,2689.349532660651,2569.6914006501065,93.49031698128846,88.31823985932893,98.66239410324799,85.5654454715553,25.378746143834118,24.052248010353782,26.705244277314453,22.484891255597415,0.7266666666666667,0.6315415555510038,0.8217917777823296,1.0,0.1249891949209398,0.09671613448470269,0.15326225535717689,0.0
dp_relaxed,congested,300,0.505465528141944,0.4968038290775584,0.5141272272063296,0.49403218151205264,3858.7573130408246,3638.894605749836,4078.620020331813,3600.211600362361,252.792651567128,237.712761647261,267.872541486995,223.73689220152403,20.44652488965398,19.44940872693489,21.443641052373067,18.71145788013681,0.05,0.02519605361238706,0.07480394638761295,0.0,3.0643644974999655,2.429526424883576,3.699202570116355,0.0
dp_relaxed,dynamic,300,0.48054548580460515,0.47237612754223535,0.48871484406697496,0.4718074719006673,3669.8767084695405,3448.040923711993,3891.712493227088,3426.815553839115,117.41772440468213,106.48488307176616,128.35056573759812,88.70773938548466,20.666446521739754,19.6421378676889,21.69075517579061,18.79181927271344,0.043333333333333335,0.01836745692129005,0.06829920974537662,0.0,3.4071714872660137,2.7184952700887437,4.095847704443284,0.08804557450029865
dp_relaxed,normal,300,0.4726338011256317,0.4649231200500866,0.48034448220117676,0.4658305877749756,3572.9295759588726,3352.254653669264,3793.6044982484814,3329.360331292777,82.07241448600098,77.1769361878447,86.96789278415726,72.68135719053558,20.882859248674162,19.832221272523697,21.933497224824627,19.207125561172674,0.05,0.021929846587845046,0.07807015341215495,0.0,3.365505913699247,2.6877052334909677,4.043306593907527,0.1071468136405069
