method,load_level,episodes,objective_mean,objective_ci_low,objective_ci_high,objective_median,total_latency_ms_mean,total_latency_ms_ci_low,total_latency_ms_ci_high,total_latency_ms_median,communication_latency_ms_mean,communication_latency_ms_ci_low,communication_latency_ms_ci_high,communication_latency_ms_median,energy_mean,energy_ci_low,energy_ci_high,energy_median,device_switches_mean,device_switches_ci_low,device_switches_ci_high,device_switches_median,gap_vs_best_pct_mean,gap_vs_best_pct_ci_low,gap_vs_best_pct_ci_high,gap_vs_best_pct_median,loaded_device_share_mean,loaded_device_share_ci_low,loaded_device_share_ci_high,loaded_device_share_median
random,0.2,300,1.1811373577143576,1.1123221064765956,1.2499526089521196,1.037699015607169,10406.851163706631,9100.45337200545,11713.248955407813,7947.947851505844,2323.5647147744708,2110.702204750521,2536.4272247984204,1683.5112870153382,27.765660739614262,26.562666873027204,28.96865460620132,25.82492878586445,6.776666666666666,6.630029516846213,6.9233038164871195,7.0,163.3839655774215,146.7022290418205,180.0657021130225,128.54587275056988,0.24699999999999997,0.23158005874992554,0.2624199412500744,0.2
random,0.5,300,1.177864538584556,1.1107769753809837,1.2449521017881284,1.0355001654343376,10591.716926183344,9287.39959365572,11896.034258710968,8114.10234737945,2323.5647147744708,2110.702204750521,2536.4272247984204,1683.5112870153382,27.765660739614262,26.562666873027204,28.96865460620132,25.82492878586445,6.776666666666666,6.630029516846213,6.9233038164871195,7.0,157.23966809751593,141.04437681366826,173.4349593813636,123.67142395922475,0.24699999999999997,0.23158005874992554,0.2624199412500744,0.2
random,0.8,300,1.1691510150283806,1.1082033422364457,1.2300986878203155,1.0276008174890463,11386.409099293372,10088.86605099593,12683.952147590815,8864.488251068185,2323.5647147744708,2110.702204750521,2536.4272247984204,1683.5112870153382,27.765660739614262,26.562666873027204,28.96865460620132,25.82492878586445,6.776666666666666,6.630029516846213,6.9233038164871195,7.0,160.8731486004475,145.45407174543112,176.2922254554639,127.81230057676396,0.24699999999999997,0.23158005874992554,0.2624199412500744,0.2
round_robin,0.2,300,0.9915871432725551,0.9780230737040991,1.0051512128410112,0.9743665284011598,8319.503276157997,7932.842663450319,8706.163888865674,7519.923182845511,1796.7085871695688,1705.560554593549,1887.8566197455884,1642.4987090984941,25.75260872029911,24.78528925752905,26.71992818306917,25.646311270959835,9.0,9.0,9.0,9.0,119.87165806152474,115.93531464737231,123.80800147567717,117.67867443190124,0.24133333333333332,0.2357290523573566,0.24693761430931002,0.2
round_robin,0.5,300,0.9905926285469681,0.9776181951915375,1.0035670619023986,0.9697278302425236,8497.269276597539,8109.41688884412,8885.121664350958,7755.978452907772,1796.7085871695688,1705.560554593549,1887.8566197455884,1642.4987090984941,25.75260872029911,24.78528925752905,26.71992818306917,25.646311270959835,9.0,9.0,9.0,9.0,115.10629803736879,111.05741881765746,119.15517725708011,111.4054532275416,0.24133333333333332,0.2357290523573566,0.24693761430931002,0.2
round_robin,0.8,300,0.9887982365214422,0.9778850719639277,0.9997114010789566,0.9675722465325745,9239.018920675508,8843.928533813161,9634.109307537854,8540.840132652462,1796.7085871695688,1705.560554593549,1887.8566197455884,1642.4987090984941,25.75260872029911,24.78528925752905,26.71992818306917,25.646311270959835,9.0,9.0,9.0,9.0,119.41774801529299,115.24733364157953,123.58816238900644,116.0009176140734,0.24133333333333332,0.2357290523573566,0.24693761430931002,0.2
greedy_fastest_device,0.2,300,0.6961773066998315,0.6854025618910614,0.7069520515086015,0.6789852762299786,1440.255718635791,1375.6087054307573,1504.9027318408248,1292.0674736167564,893.8096082872643,831.2044813406685,956.41473523386,744.8442061948892,46.837753046059724,45.001807616901324,48.673698475218124,45.885681797979586,0.0,0.0,0.0,0.0,54.6157041800308,51.51416701963351,57.71724134042808,51.694688438172996,0.0,0.0,0.0,0.0
greedy_fastest_device,0.5,300,0.6938905384039162,0.6832072879884972,0.7045737888193353,0.6765540648550183,1440.255718635791,1375.6087054307573,1504.9027318408248,1292.0674736167564,893.8096082872643,831.2044813406685,956.41473523386,744.8442061948892,46.837753046059724,45.001807616901324,48.673698475218124,45.885681797979586,0.0,0.0,0.0,0.0,50.88290858536222,47.69780655662907,54.06801061409538,47.029073872484,0.0,0.0,0.0,0.0
greedy_fastest_device,0.8,300,0.6857369822430864,0.6753748678539938,0.6960990966321791,0.6682090337579256,1440.255718635791,1375.6087054307573,1504.9027318408248,1292.0674736167564,893.8096082872643,831.2044813406685,956.41473523386,744.8442061948892,46.837753046059724,45.001807616901324,48.673698475218124,45.885681797979586,0.0,0.0,0.0,0.0,52.34992209943582,48.967871637257176,55.73197256161447,47.938229457339844,0.0,0.0,0.0,0.0
greedy_communication_aware,0.2,300,0.5302586236679523,0.525851318141464,0.5346659291944406,0.5334922382447542,1127.7955588687553,1097.7639554370742,1157.8271623004364,1128.836692687335,175.2702986036129,168.53546067077326,182.00513653645254,173.15819544204595,40.12840083170731,38.48938559018073,41.76741607323389,39.46558897517363,0.9933333333333333,0.9507569222501141,1.0359097444165524,1.0,17.261108025613655,15.908821014417425,18.613395036809884,14.619914321413601,0.7193333333333334,0.7009495428575647,0.737717123809102,0.7
greedy_communication_aware,0.5,300,0.5668360076805566,0.5626790807348832,0.5709929346262301,0.5696978015306442,1371.7119248691233,1335.3154304314724,1408.1084193067743,1351.5941787650772,222.01307967551054,214.6354425421459,229.39071680887517,217.1153285539042,41.75766617504992,40.049214878819036,43.4661174712808,41.431073809398896,1.1666666666666667,1.124252813266714,1.2090805200666195,1.0,22.755754473487976,21.18598136789818,24.32552757907777,21.192838623806633,0.487,0.4686027887980257,0.5053972112019743,0.5
greedy_communication_aware,0.8,300,0.5437048012800588,0.5371860513423072,0.5502235512178104,0.5475044629653019,1833.1611223506857,1775.2119541952804,1891.110290506091,1819.6062747982066,304.3477027872603,293.4693418219033,315.2260637526173,294.7071727175452,37.2334967465936,35.54006636931936,38.92692712386784,35.65798744307182,1.02,0.9840827027926368,1.0559172972073632,1.0,19.476151456327546,18.13270955115875,20.81959336149634,17.832840123350316,0.01966666666666667,0.011528598692757982,0.027804734640575354,0.0
greedy_objective_aware,0.2,300,0.4578431008556104,0.45218315714806495,0.4635030445631559,0.45916274944621915,2720.980891425015,2622.182473491772,2819.7793093582586,2700.6134913021924,86.96171724177265,82.38295121624442,91.54048326730087,80.87113258880049,24.61708942548259,23.36537402505201,25.86880482591317,22.607486519418366,0.65,0.5848702169800278,0.7151297830199722,1.0,0.44168814288703534,0.22832643071449935,0.6550498550595714,0.0,0.31633333333333336,0.2806149454266956,0.35205172123997114,0.3
greedy_objective_aware,0.5,300,0.46893390213332853,0.462203666081263,0.47566413818539405,0.46740557923882475,3314.0143690071554,3206.075832251466,3421.9529057628447,3288.696649249577,87.68889223992564,82.76691395732236,92.61087052252891,79.84852428163077,22.385714708543002,21.261803622573765,23.50962579451224,20.66831587652633,0.65,0.5694583370757776,0.7305416629242224,1.0,0.35337188066724157,0.1448608826974808,0.5618828786370024,0.0,0.1796666666666667,0.15250645631429854,0.20682687701903485,0.0
greedy_objective_aware,0.8,300,0.46112826447661803,0.4533253105662712,0.4689312183869649,0.4531907046000684,3899.2125214453135,3759.1489337306652,4039.276109159962,3839.871737611,92.89531231041427,86.94126819140985,98.84935642941869,81.35062260045056,20.081394831071933,19.08659661919893,21.076193042944936,18.339964620949146,0.2833333333333333,0.22570665603375678,0.34096001063290987,0.0,0.32905337992976946,0.12002032016304329,0.5380864396964956,0.0,0.006,0.002229983377515907,0.009770016622484093,0.0
supervised_rf,0.2,300,0.46079019995245235,0.45501221309468426,0.46656818681022044,0.4609397997399374,2960.9913710077353,2851.0511990564005,3070.93154295907,3018.2987287745564,83.25523533401628,78.60750270119846,87.9029679668341,76.29923472180388,23.339434351462252,22.15878051913308,24.520088183791422,21.790429212793804,0.4666666666666667,0.40838811825544336,0.52494521507789,0.0,1.0693893889583772,0.8612066824676639,1.2775720954490906,0.21810616096137975,0.24833333333333332,0.21294329945353607,0.2837233672131306,0.1
supervised_rf,0.5,300,0.47052141577345274,0.463558372450574,0.47748445909633147,0.4681315608638731,3381.881536472338,3268.50938965659,3495.2536832880864,3427.938404670309,82.84381841474858,78.14869915925907,87.5389376702381,75.28679619163103,22.162627416604323,21.057582893699045,23.2676719395096,19.88835786695445,0.44,0.38199868716630686,0.49800131283369314,0.0,0.6442455346253263,0.4590160785655687,0.8294749906850839,0.0,0.184,0.1532905892768925,0.21470941072310748,0.0
supervised_rf,0.8,300,0.4834273782485157,0.4709926486116412,0.49586210788539026,0.4558596895616402,4199.272754112746,4000.9132192156812,4397.632289009811,3854.134365766515,80.77093414241156,76.19021598025718,85.35165230456595,72.39113887222108,20.83231453598227,19.819291515095575,21.845337556868966,19.141493973315036,0.35,0.2941488297253901,0.4058511702746099,0.0,4.4023508297251555,3.272443212012264,5.532258447438046,0.0,0.10866666666666668,0.0851241429680544,0.13220919036527895,0.0
tabular_q_pooled,0.2,300,0.47939030395700777,0.4745686120099417,0.4842119959040738,0.47809625648526055,2297.7204582054665,2216.9738881898174,2378.4670282211155,2255.8120760534966,95.86235368186561,91.22150872880977,100.50319863492146,87.35272382094365,28.744020419650564,27.64004670716162,29.847994132139508,28.03190087349386,1.0,1.0,1.0,1.0,5.570515194820905,4.832868970950701,6.308161418691109,3.283491623528273,0.5,0.5,0.5,0.5
tabular_q_pooled,0.5,300,0.5047264286804676,0.49950297224330686,0.5099498851176283,0.5032498955546163,2743.6911154221957,2645.8403134445175,2841.541917399874,2662.150846146,95.86235368186561,91.22150872880977,100.50319863492146,87.35272382094365,28.744020419650564,27.64004670716162,29.847994132139508,28.03190087349386,1.0,1.0,1.0,1.0,8.771804811280509,7.773821619625076,9.769788002935943,6.476024500209929,0.5,0.5,0.5,0.5
tabular_q_pooled,0.8,300,0.6110918898066955,0.6029908414760629,0.6191929381373281,0.6018155954907038,4824.432657125196,4618.670325399289,5030.194988851103,4639.355579048777,95.86235368186561,91.22150872880977,100.50319863492146,87.35272382094365,28.744020419650564,27.64004670716162,29.847994132139508,28.03190087349386,1.0,1.0,1.0,1.0,34.45422420599847,32.628015907799735,36.28043250419721,33.499441871446386,0.5,0.5,0.5,0.5
dqn,0.2,300,0.4560068127076581,0.45052505660944614,0.46148856880587,0.4583953688785883,2555.1996163493545,2451.758294068893,2658.640938629816,2531.887229581476,91.10809450881992,86.02080259704385,96.19538642059598,83.5717169454116,25.45128442450511,24.127006708927603,26.77556214008262,23.481342926075314,0.6366666666666667,0.5579833098220329,0.7153500235113005,1.0,0.0554475257196726,0.03464489777099786,0.07625015366834734,0.0,0.36733333333333335,0.3253629704987334,0.4093036961679333,0.3
dqn,0.5,300,0.46752345208526225,0.4609193260492317,0.4741275781212928,0.4670889162724736,3157.7318477517388,3047.2105524320605,3268.253143071417,3084.8193109652098,92.0254512864956,86.5097895972513,97.54111297573989,81.27840881752427,23.18348521528559,21.988890439052575,24.378079991518604,21.093218219601205,0.6933333333333334,0.6042553549245755,0.7824113117420912,1.0,0.06260879463829264,0.04237057175940557,0.08284701751717971,0.0,0.21333333333333335,0.18064658599467337,0.24602008067199332,0.1
dqn,0.8,300,0.46056262560509076,0.4527975406591583,0.46832771055102324,0.4531907046000684,3848.8463298528377,3700.442419811488,3997.2502398941874,3712.93341627806,91.82644905196051,85.57819205927528,98.07470604464574,78.13946126619655,20.343842701583867,19.27824068767186,21.409444715495873,18.17632566013727,0.28,0.2147940282089965,0.34520597179100354,0.0,0.2026268569370241,0.1197673665286242,0.285486347345424,0.0,0.017333333333333333,0.01073027140388216,0.023936395262784505,0.0
dp_relaxed,0.2,300,0.4723765711517987,0.4647937517827362,0.47995939052086123,0.466685251956864,3566.7254664908332,3348.317589240315,3785.1333437413514,3313.73553276482,82.30785568857692,77.3766619242054,87.23904945294845,72.03503391917567,20.869821260050944,19.809290469745104,21.930352050356785,19.280362749628175,0.04,0.01411434192477485,0.06588565807522515,0.0,3.3942639887002155,2.713352488062359,4.075175489338072,0.0,0.18066666666666667,0.1376658629665913,0.22366747036674203,0.0
dp_relaxed,0.5,300,0.4820137711097553,0.47330189061845407,0.4907256516010565,0.4725806542864456,4056.214657677846,3846.495168969248,4265.934146386444,3650.434248075514,80.27559558273539,75.44450616800904,85.10668499746174,70.75847752752395,19.286661093597488,18.396742903021572,20.176579284173403,18.047830140681864,0.043333333333333335,0.01836745692129005,0.06829920974537662,0.0,2.8286097988890804,2.236179163546531,3.42104043423163,0.0,0.069,0.04193873833762572,0.09606126166237429,0.0
dp_relaxed,0.8,300,0.46821774257133975,0.45878997414628225,0.47764551099639724,0.452615265175658,4379.1284041137715,4155.894935588092,4602.361872639451,3871.6346086961194,78.38958038533157,73.73424532567698,83.04491544498616,69.99763686722473,18.25670012064837,17.573885614240144,18.9395146270566,17.486248796893577,0.0033333333333333335,-0.0032264322302188986,0.009893098896885565,0.0,1.5754091714768461,1.0497393041075938,2.1010790388460983,0.0,0.0,0.0,0.0,0.0
